question,answer
"What is your return policy?","You can return any product within 30 days of purchase for a full refund, provided it is unused and in original packaging."
"How long does shipping take?","Standard shipping takes 3-5 business days. Express shipping takes 1-2 business days."
"Do you ship internationally?","Yes, we ship to over 50 countries worldwide. International shipping typically takes 7-14 business days."
"How can I track my order?","Once your order ships, you will receive an email with a tracking number and a link to track your package."
"What payment methods do you accept?","We accept Visa, Mastercard, American Express, PayPal, and Apple Pay."
"How do I cancel my order?","You can cancel your order within 1 hour of placing it by going to your Order History and clicking Cancel Order."
"Do you offer refunds?","Yes, refunds are issued within 5-7 business days after we receive your returned item."
"How do I reset my password?","Click on Forgot Password on the login page and follow the instructions sent to your email."
"Is my personal information secure?","Yes, we use industry-standard encryption to protect your personal and payment information."
"Do you have a mobile app?","Yes, our mobile app is available for both iOS and Android and can be downloaded from the App Store or Google Play."
"How do I contact customer support?","You can reach our support team via live chat, email at support@example.com, or by calling 1-800-555-0199."
"Can I change my shipping address after placing an order?","You can change your shipping address within 1 hour of placing the order by contacting customer support."
"What is your warranty policy?","Most products come with a 1-year manufacturer warranty covering defects in materials and workmanship."
"Do you offer discounts for students?","Yes, students get a 10% discount with a valid student ID verified through our partner platform."
"How do I apply a discount code?","Enter your discount code at checkout in the Promo Code field and click Apply before completing your purchase."
"What should I do if I received a damaged product?","Please contact customer support within 48 hours with photos of the damage, and we will arrange a replacement or refund."
"Do you have a loyalty program?","Yes, our rewards program lets you earn points on every purchase which can be redeemed for discounts."
"Can I order by phone?","Yes, you can place an order by calling our sales line at 1-800-555-0123 during business hours."
"What are your customer service hours?","Our customer service team is available Monday to Friday, 9 AM to 6 PM EST."
"How do I unsubscribe from marketing emails?","Click the Unsubscribe link at the bottom of any marketing email, or manage preferences in your account settings."
